Workbook

Sheet CHECK
A1: период-1 | B1: =EDATE(B3, -1) -> 46023
A3: Период | B3: 46054
A4: Квартира, м2 | B4: =info!B7 -> 55.2
A5: Проживающие, чел | B5: =info!B6 -> 2
C7: КВИТАНЦИЯ | F7: РАСЧЕТ | I7: ОТКЛОНЕНИЕ
A8: УСЛУГА | B8: Ед.изм. | C8: Объем | D8: Тариф | E8: Начислено | F8: Объем | G8: Тариф | H8: Начислено | I8: Δ ОБЪЕМ | J8: Δ ТАРИФ | K8: Δ НАЧИСЛЕНО | L8: Статус | M8: Норматив | N8: Поставщик
A9: Электроэнергия | B9: кВт | C9: 201 | D9: 4.2 | E9: 844.2 | F9: =IFERROR(INDEX(usage!B:B, MATCH(CHECK!$B$3, usage!A:A, 0)) - INDEX(usage!B:B, MATCH(CHECK!$B$1, usage!A:A, 0)),"") -> 201 | G9: =IF(F9<M9, INDEX(tariffs!2:2, MATCH(CHECK!$B$3,tariffs!$1:$1, 0)), INDEX(tariffs!3:3, MATCH(CHECK!$B$3,tariffs!$1:$1, 0))) -> 4.2 | H9: =IFERROR(F9*G9,"") -> 844.2 | I9: =IFERROR(F9-C9, "") -> 0 | J9: =IFERROR(G9-D9, "") -> 0 | K9: =IFERROR(E9-H9,"") -> 0 | L9: =IF(ABS(K9)<=1,"✔ ОК",IF(K9>1,"❗ Превышение","❗ Недосчет")) -> ✔ ОК | M9: =IFERROR(INDEX(tariffs!16:16, MATCH(CHECK!$B$3, tariffs!$1:$1, 0)),"") -> 761 | N9: =VLOOKUP(A9,info!A13:B29, 2,FALSE) -> Поставщик света
A10: ХВС | B10: м3 | C10: 4.598 | D10: 62.98 | E10: 289.58204 | F10: =IFERROR(INDEX(usage!C:C, MATCH(CHECK!$B$3, usage!A:A, 0)) - INDEX(usage!C:C, MATCH(CHECK!$B$1, usage!A:A, 0)),"") -> 4.598 | G10: =INDEX(tariffs!4:4, MATCH(CHECK!$B$3,tariffs!$1:$1, 0)) -> 62.98 | H10: =IFERROR(F10*G10,"") -> 289.58204 | I10: =IFERROR(F10-C10, "") -> -8.8817842e-16 | J10: =IFERROR(G10-D10, "") -> 0 | K10: =IFERROR(E10-H10,"") -> 0 | L10: =IF(ABS(K10)<=1,"✔ ОК",IF(K10>1,"❗ Превышение","❗ Недосчет")) -> ✔ ОК | N10: =VLOOKUP(A10,info!A14:B30, 2,FALSE) -> Поставщик воды
A11: ХВС - Водоотведение | B11: м3 | C11: 4.598 | D11: 44.12 | E11: 202.86376 | F11: =F10 -> 4.598 | G11: =INDEX(tariffs!5:5, MATCH(CHECK!$B$3,tariffs!$1:$1, 0)) -> 44.12 | H11: =IFERROR(F11*G11,"") -> 202.86376 | I11: =IFERROR(F11-C11, "") -> -8.8817842e-16 | J11: =IFERROR(G11-D11, "") -> 0 | K11: =IFERROR(E11-H11,"") -> 2.8421709e-14 | L11: =IF(ABS(K11)<=1,"✔ ОК",IF(K11>1,"❗ Превышение","❗ Недосчет")) -> ✔ ОК | N11: =VLOOKUP(A11,info!A15:B31, 2,FALSE) -> Поставщик воды
A12: Вода для ГВС | B12: м3 | C12: 3.202 | D12: 62.98 | E12: 201.66196 | F12: =IFERROR(INDEX(usage!D:D, MATCH(CHECK!$B$3, usage!A:A, 0)) - INDEX(usage!D:D, MATCH(CHECK!$B$1, usage!A:A, 0)),"") -> 3.202 | G12: =INDEX(tariffs!4:4, MATCH(CHECK!$B$3,tariffs!$1:$1, 0)) -> 62.98 | H12: =IFERROR(F12*G12,"") -> 201.66196 | L12: =IF(ABS(K12)<=1,"✔ ОК",IF(K12>1,"❗ Превышение","❗ Недосчет")) -> ✔ ОК | N12: =VLOOKUP(A12,info!A16:B32, 2,FALSE) -> Поставщик воды
A13: ГВС - Водоотведение | B13: м3 | C13: 3.202 | D13: 44.12 | E13: 141.27224 | F13: =F12 -> 3.202 | G13: =INDEX(tariffs!5:5, MATCH(CHECK!$B$3,tariffs!$1:$1, 0)) -> 44.12 | H13: =IFERROR(F13*G13,"") -> 141.27224 | I13: =IFERROR(F13-C13, "") -> 0 | J13: =IFERROR(G13-D13, "") -> 0 | K13: =IFERROR(E13-H13,"") -> 0 | L13: =IF(ABS(K13)<=1,"✔ ОК",IF(K13>1,"❗ Превышение","❗ Недосчет")) -> ✔ ОК | N13: =VLOOKUP(A13,info!A17:B33, 2,FALSE) -> Поставщик воды
A14: Нагрев ГВ | B14: м3 | C14: 6.511 | D14: 227.18 | E14: 1479.169 | F14: =IFERROR(C14,"") -> 6.511 | G14: =INDEX(tariffs!6:6, MATCH(CHECK!$B$3,tariffs!$1:$1, 0)) -> 227.18 | H14: =IFERROR(F14*G14,"") -> 1479.169 | I14: =IFERROR(F14-C14, "") -> 0 | J14: =IFERROR(G14-D14, "") -> 0 | K14: =IFERROR(E14-H14,"") -> 0 | L14: =IF(ABS(K14)<=1,"✔ ОК",IF(K14>1,"❗ Превышение","❗ Недосчет")) -> ✔ ОК | M14: =IFERROR(INDEX(tariffs!18:18, MATCH(CHECK!$B$3, tariffs!$1:$1, 0)),"") -> 16.2 | N14: =VLOOKUP(A14,info!A18:B34, 2,FALSE) -> Управляющая
A15: Отопление | B15: Гкал | C15: 3.9865 | D15: 3549.74 | E15: 14151.039 | F15: =IFERROR(C15,"") -> 3.9865 | G15: =INDEX(tariffs!7:7, MATCH(CHECK!$B$3,tariffs!$1:$1, 0)) -> 3549.74 | H15: =IFERROR(F15*G15,"") -> 14151.039 | I15: =IFERROR(F15-C15, "") -> 0 | J15: =IFERROR(G15-D15, "") -> 0 | K15: =IFERROR(E15-H15,"") -> 0 | L15: =IF(ABS(K15)<=1,"✔ ОК",IF(K15>1,"❗ Превышение","❗ Недосчет")) -> ✔ ОК | N15: =VLOOKUP(A15,info!A19:B35, 2,FALSE) -> Управляющая
A16: Нагрев ГВ / общедом | B16: м3 | C16: 0.895 | D16: 227.18 | E16: 203.3261 | F16: =IFERROR(C16,"") -> 0.895 | G16: =INDEX(tariffs!6:6, MATCH(CHECK!$B$3,tariffs!$1:$1, 0)) -> 227.18 | H16: =IFERROR(F16*G16,"") -> 203.3261 | L16: =IF(ABS(K16)<=1,"✔ ОК",IF(K16>1,"❗ Превышение","❗ Недосчет")) -> ✔ ОК | N16: =VLOOKUP(A16,info!A20:B36, 2,FALSE) -> Управляющая
A17: ГВС / общедом | B17: м3 | C17: 0.895 | D17: 62.98 | E17: 56.3671 | F17: =IFERROR(C17,"") -> 0.895 | G17: =INDEX(tariffs!4:4, MATCH(CHECK!$B$3,tariffs!$1:$1, 0)) -> 62.98 | H17: =IFERROR(F17*G17,"") -> 56.3671 | I17: =IFERROR(F17-C17, "") -> 0 | J17: =IFERROR(G17-D17, "") -> 0 | K17: =IFERROR(E17-H17,"") -> 0 | L17: =IF(ABS(K17)<=1,"✔ ОК",IF(K17>1,"❗ Превышение","❗ Недосчет")) -> ✔ ОК | M17: =IFERROR(INDEX(tariffs!17:17, MATCH(CHECK!$B$3, tariffs!$1:$1, 0)),"") -> 0.679098 | N17: =VLOOKUP(A17,info!A21:B37, 2,FALSE) -> Управляющая
A18: ХВС / общедом | B18: м3 | C18: 1.352 | D18: 62.98 | E18: 85.14896 | F18: =IFERROR(C18,"") -> 1.352 | G18: =INDEX(tariffs!4:4, MATCH(CHECK!$B$3,tariffs!$1:$1, 0)) -> 62.98 | H18: =IFERROR(F18*G18,"") -> 85.14896 | I18: =IFERROR(F18-C18, "") -> 0 | J18: =IFERROR(G18-D18, "") -> 0 | K18: =IFERROR(E18-H18,"") -> 0 | L18: =IF(ABS(K18)<=1,"✔ ОК",IF(K18>1,"❗ Превышение","❗ Недосчет")) -> ✔ ОК | M18: =IFERROR(INDEX(tariffs!20:20, MATCH(CHECK!$B$3, tariffs!$1:$1, 0)),"") -> 1.358196 | N18: =VLOOKUP(A18,info!A22:B38, 2,FALSE) -> Управляющая
A19: Водоотведение / общедом | B19: м3 | C19: 1.352 | D19: 44.12 | E19: 59.65024 | F19: =IFERROR(C19,"") -> 1.352 | G19: =INDEX(tariffs!5:5, MATCH(CHECK!$B$3,tariffs!$1:$1, 0)) -> 44.12 | H19: =IFERROR(F19*G19,"") -> 59.65024 | I19: =IFERROR(F19-C19, "") -> 0 | J19: =IFERROR(G19-D19, "") -> 0 | K19: =IFERROR(E19-H19,"") -> 0 | L19: =IF(ABS(K19)<=1,"✔ ОК",IF(K19>1,"❗ Превышение","❗ Недосчет")) -> ✔ ОК | M19: =IFERROR(INDEX(tariffs!21:21, MATCH(CHECK!$B$3, tariffs!$1:$1, 0)),"") -> 1.358196 | N19: =VLOOKUP(A19,info!A23:B39, 2,FALSE) -> Управляющая
A20: Электроэнергия / общедом | B20: кВт | C20: 32.22 | D20: 4.2 | E20: 135.324 | F20: =IFERROR(C20,"") -> 32.22 | G20: =INDEX(tariffs!2:2, MATCH(CHECK!$B$3,tariffs!$1:$1, 0)) -> 4.2 | H20: =IFERROR(F20*G20,"") -> 135.324 | I20: =IFERROR(F20-C20, "") -> 0 | J20: =IFERROR(G20-D20, "") -> 0 | K20: =IFERROR(E20-H20,"") -> 0 | L20: =IF(ABS(K20)<=1,"✔ ОК",IF(K20>1,"❗ Превышение","❗ Недосчет")) -> ✔ ОК | M20: =IFERROR(INDEX(tariffs!19:19, MATCH(CHECK!$B$3, tariffs!$1:$1, 0)),"") -> 26.8295 | N20: =VLOOKUP(A20,info!A24:B40, 2,FALSE) -> Управляющая
A21: Тех.обслуживание дома | B21: м2 | C21: 55.2 | D21: 11.08 | E21: 611.616 | F21: =IFERROR(info!$B$7,"") -> 55.2 | G21: =INDEX(tariffs!8:8, MATCH(CHECK!$B$3,tariffs!$1:$1, 0)) -> 11.08 | H21: =IFERROR(F21*G21,"") -> 611.616 | I21: =IFERROR(F21-C21, "") -> 0 | J21: =IFERROR(G21-D21, "") -> 0 | K21: =IFERROR(E21-H21,"") -> 0 | L21: =IF(ABS(K21)<=1,"✔ ОК",IF(K21>1,"❗ Превышение","❗ Недосчет")) -> ✔ ОК | N21: =VLOOKUP(A21,info!A25:B41, 2,FALSE) -> Управляющая
A22: Содержание общего имущества | B22: м2 | C22: 55.2 | D22: 5.98 | E22: 330.096 | F22: =IFERROR(info!$B$7,"") -> 55.2 | G22: =INDEX(tariffs!9:9, MATCH(CHECK!$B$3,tariffs!$1:$1, 0)) -> 5.98 | H22: =IFERROR(F22*G22,"") -> 330.096 | I22: =IFERROR(F22-C22, "") -> 0 | J22: =IFERROR(G22-D22, "") -> 0 | K22: =IFERROR(E22-H22,"") -> 0 | L22: =IF(ABS(K22)<=1,"✔ ОК",IF(K22>1,"❗ Превышение","❗ Недосчет")) -> ✔ ОК | N22: =VLOOKUP(A22,info!A26:B42, 2,FALSE) -> Управляющая
A23: Вывоз мусора | B23: чел | C23: 2 | D23: 161.5226 | E23: 323.0452 | F23: =IFERROR(info!$B$6,"") -> 2 | G23: =IF(D23<M23, D23,M23) -> 161.52257 | H23: =IFERROR(F23*G23,"") -> 323.04515 | I23: =IFERROR(F23-C23, "") -> 0 | J23: =IFERROR(G23-D23, "") -> -2.748375e-05 | K23: =IFERROR(E23-H23,"") -> 5.49675e-05 | L23: =IF(ABS(K23)<=1,"✔ ОК",IF(K23>1,"❗ Превышение","❗ Недосчет")) -> ✔ ОК | M23: =IFERROR(INDEX(tariffs!10:10, MATCH(CHECK!$B$3, tariffs!$1:$1, 0)),"") -> 161.52257 | N23: =VLOOKUP(A23,info!A27:B43, 2,FALSE) -> ТКО
A24: Капремонт | B24: м2 | C24: 55.2 | D24: 15.15 | E24: 836.28 | F24: =IFERROR(info!$B$7,"") -> 55.2 | G24: =INDEX(tariffs!11:11, MATCH(CHECK!$B$3,tariffs!$1:$1, 0)) -> 15.15 | H24: =IFERROR(F24*G24,"") -> 836.28 | I24: =IFERROR(F24-C24, "") -> 0 | J24: =IFERROR(G24-D24, "") -> 0 | K24: =IFERROR(E24-H24,"") -> 0 | L24: =IF(ABS(K24)<=1,"✔ ОК",IF(K24>1,"❗ Превышение","❗ Недосчет")) -> ✔ ОК | N24: =VLOOKUP(A24,info!A28:B44, 2,FALSE) -> Капремонт
A26: ВСЕГО | E26: =SUM(E9:E24) -> 19950.641 | K26: =SUM(K9:K24) -> 5.49675e-05
A27: в т.ч. по поставщикам услуг:
A28: Поставщик света | E28: =SUMIF($N:$N,$A28,E:E) -> 844.2 | K28: =SUMIF($N:$N,$A28,K:K) -> 0
A29: Поставщик воды | E29: =SUMIF($N:$N,$A29,E:E) -> 835.38 | K29: =SUMIF($N:$N,$A29,K:K) -> 2.8421709e-14
A30: Управляющая | E30: =SUMIF($N:$N,$A30,E:E) -> 17111.736 | K30: =SUMIF($N:$N,$A30,K:K) -> 0
A31: ТКО | E31: =SUMIF($N:$N,$A31,E:E) -> 323.0452 | K31: =SUMIF($N:$N,$A31,K:K) -> 5.49675e-05
A32: Капремонт | E32: =SUMIF($N:$N,$A32,E:E) -> 836.28 | K32: =SUMIF($N:$N,$A32,K:K) -> 0

Sheet analytics
A2: год | B2: месяц | C2: План (начисления) | D2: Факт (начисления) | E2: Отклонение (руб) | F2: Отклонение (%) | V2: Column Labels | AA2: год | AB2: (blank)
A3: (blank) | E3: 0 | V3: (blank)
B4: (blank) | E4: 0 | U4: Услуга | V4: План (начисления) | W4: Факт (начисления) | AA4: Месяц | AB4: Факт начислений
A5: Grand Total | E5: 0 | U5: (blank) | AA5: (blank)
U6: Grand Total | AA6: Grand Total
B26: Детально по квитанциям
B27: Row Labels | C27: План (начисления) | D27: Факт (начисления) | E27: Отклонение (руб) | F27: Отклонение (%)
B28: (blank) | E28: 0
B29: (blank) | E29: 0
B30: (blank) | E30: 0
B31: Grand Total | E31: 0

Sheet info
A1: РЕГИОН
A2: Ростовская область
A4: ОБЪЕКТ
A5: Тип жилья | B5: МКД
A6: Количество проживающих, чел | B6: 2
A7: Общая площадь, м2 | B7: 55.2
A8: Площадь здания, м2 | B8: 4800
A9: Электроплита | B9: да
A10: Электрические водонагревательные установки | B10: да
A13: ПЕРЕЧЕНЬ УСЛУГ | B13: Поставщик | C13: Метод расчета | D13: Сезонность | E13: ЛОГИКА ПРОВЕРКИ РАСЧЕТОВ
A14: Электроэнергия | B14: Поставщик света | C14: по счетчику | D14: да | E14: если общее показание меньше соц.нормы => (факт.объем) * (тариф в пределах СН); если больше => к этому + (объем превышения) * (тариф свыше СН)
A15: ХВС | B15: Поставщик воды | C15: по счетчику | E15: (факт.объем) * (тариф)
A16: ХВС - Водоотведение | B16: Поставщик воды | C16: по счетчику
A17: Вода для ГВС | B17: Поставщик воды | C17: по счетчику | E17: (факт.объем) * (тариф)
A18: ГВС - Водоотведение | B18: Поставщик воды | C18: по счетчику | E18: (факт.объем) * (тариф)
A19: Нагрев ГВ | B19: Управляющая | C19: по нормативу УК | E19: (площадь) * (тариф)
A20: Отопление | B20: Управляющая | C20: по общедомовому ПУ | D20: да | E20: (факт.объем) * (тариф)
A21: Нагрев ГВ / общедом | B21: Управляющая | C21: по нормативу УК | E21: (объем по СН) * (тариф)
A22: ГВС / общедом | B22: Управляющая | C22: по нормативу УК | E22: (объем) * (тариф)
A23: ХВС / общедом | B23: Управляющая | C23: по нормативу УК | E23: (объем) * (тариф)
A24: Водоотведение / общедом | B24: Управляющая | C24: по нормативу УК | E24: (объем) * (тариф)
A25: Электроэнергия / общедом | B25: Управляющая | C25: по нормативу УК | E25: (объем) * (тариф)
A26: Тех.обслуживание дома | B26: Управляющая | C26: по нормативу на площадь | E26: (площадь) * (тариф)
A27: Содержание общего имущества | B27: Управляющая | C27: по нормативу на площадь | E27: (площадь) * (тариф)
A28: Вывоз мусора | B28: ТКО | C28: по нормативу на чел | E28: если сумма на чел. меньше предельного тарифа => (кол-во прожив-х) * (тариф); если больше => (кол-во прожив-х) * (предельный тариф)
A29: Капремонт | B29: Капремонт | C29: по нормативу на площадь | E29: (площадь) * (тариф)

Sheet usage
A1: Месяц / Показание | B1: Электроэнергия | C1: ХВС | D1: ГВС
A2: 45627
A3: 45658
A4: 45689
A5: 45717
A6: 45748
A7: 45778
A8: 45809
A9: 45839
A10: 45870
A11: 45901
A12: 45931
A13: 45962
A14: 45992
A15: 46023 | B15: 1562 | C15: 8.3 | D15: 9.123
A16: 46054 | B16: 1763 | C16: 12.898 | D16: 12.325
A17: 46082
A18: 46113
A19: 46143
A20: 46174
A21: 46204
A22: 46235
A23: 46266
A24: 46296
A25: 46327
A26: 46357

Sheet tariffs
A1: ПЕРЕЧЕНЬ УСЛУГ, руб | B1: за | C1: 45292 | D1: 45323 | E1: 45352 | F1: 45383 | G1: 45413 | H1: 45444 | I1: 45474 | J1: 45505 | K1: 45536 | L1: 45566 | M1: 45597 | N1: 45627 | O1: 45658 | P1: 45689 | Q1: 45717 | R1: 45748 | S1: 45778 | T1: 45809 | U1: 45839 | V1: 45870 | W1: 45901 | X1: 45931 | Y1: 45962 | Z1: 45992 | AA1: 46023 | AB1: 46054 | AC1: 46082 | AD1: 46113 | AE1: 46143 | AF1: 46174 | AG1: 46204 | AH1: 46235 | AI1: 46266 | AJ1: 46296 | AK1: 46327 | AL1: 46357 | AM1: Кто устанавливает
A2: Электроэнергия (в пределах СН) | B2: кВт | C2: 3.36 | D2: 3.36 | E2: 3.36 | F2: 3.36 | G2: 3.36 | H2: 3.36 | I2: 3.67 | J2: 3.67 | K2: 3.67 | L2: 3.67 | M2: 3.67 | N2: 3.67 | O2: 3.67 | P2: 3.67 | Q2: 3.67 | R2: 3.67 | S2: 3.67 | T2: 3.67 | U2: 4.13 | V2: 4.13 | W2: 4.13 | X2: 4.13 | Y2: 4.13 | Z2: 4.13 | AA2: 4.2 | AB2: 4.2 | AC2: 4.2 | AD2: 4.2 | AE2: 4.2 | AF2: 4.2 | AG2: 4.2 | AH2: 4.2 | AI2: 4.2 | AJ2: 4.67 | AK2: 4.67 | AL2: 4.67 | AM2: Тариф, коэф.сезонности - постановление Региональной службы по тарифам РО. Соц.норма - постановление Правительства. | AN2: https://www.donland.ru/activity/353/
A3: Электроэнергия (свыше СН) | B3: кВт | C3: 4.71 | D3: 4.71 | E3: 4.71 | F3: 4.71 | G3: 4.71 | H3: 4.71 | I3: 5.12 | J3: 5.12 | K3: 5.12 | L3: 5.12 | M3: 5.12 | N3: 5.12 | O3: 5.12 | P3: 5.12 | Q3: 5.12 | R3: 5.12 | S3: 5.12 | T3: 5.12 | U3: 5.76 | V3: 5.76 | W3: 5.76 | X3: 5.76 | Y3: 5.76 | Z3: 5.76 | AA3: 5.72 | AB3: 5.72 | AC3: 5.72 | AD3: 5.72 | AE3: 5.72 | AF3: 5.72 | AG3: 5.72 | AH3: 5.72 | AI3: 5.72 | AJ3: 6.48 | AK3: 6.48 | AL3: 6.48
A4: ХВС | B4: м3 | C4: 51.62 | D4: 51.62 | E4: 51.62 | F4: 51.62 | G4: 51.62 | H4: 51.62 | I4: 56.52 | J4: 56.52 | K4: 56.52 | L4: 56.52 | M4: 56.52 | N4: 56.52 | O4: 56.52 | P4: 56.52 | Q4: 56.52 | R4: 56.52 | S4: 56.52 | T4: 56.52 | U4: 61.94 | V4: 61.94 | W4: 61.94 | X4: 61.94 | Y4: 61.94 | Z4: 61.94 | AA4: 62.98 | AB4: 62.98 | AC4: 62.98 | AD4: 62.98 | AE4: 62.98 | AF4: 62.98 | AG4: 62.98 | AH4: 62.98 | AI4: 62.98 | AJ4: 69.15 | AK4: 69.15 | AL4: 69.15 | AM4: постановление Региональной службы по тарифам РО | AN4: https://vodokanalrnd.ru/abonentu/tarify/
A5: Водоотведение | B5: м3 | C5: 36.16 | D5: 36.16 | E5: 36.16 | F5: 36.16 | G5: 36.16 | H5: 36.16 | I5: 39.59 | J5: 39.59 | K5: 39.59 | L5: 39.59 | M5: 39.59 | N5: 39.59 | O5: 39.59 | P5: 39.59 | Q5: 39.59 | R5: 39.59 | S5: 39.59 | T5: 39.59 | U5: 43.39 | V5: 43.39 | W5: 43.39 | X5: 43.39 | Y5: 43.39 | Z5: 43.39 | AA5: 44.12 | AB5: 44.12 | AC5: 44.12 | AD5: 44.12 | AE5: 44.12 | AF5: 44.12 | AG5: 44.12 | AH5: 44.12 | AI5: 44.12 | AJ5: 48.43 | AK5: 48.43 | AL5: 48.43 | AM5: постановление Региональной службы по тарифам РО
A6: Нагрев ГВ | B6: м3 | C6: 184.96 | D6: 184.96 | E6: 184.96 | F6: 184.96 | G6: 184.96 | H6: 184.96 | I6: 202.53 | J6: 202.53 | K6: 202.53 | L6: 202.53 | M6: 202.53 | N6: 202.53 | O6: 202.53 | P6: 202.53 | Q6: 202.53 | R6: 202.53 | S6: 202.53 | T6: 202.53 | U6: 202.53 | V6: 202.53 | W6: 202.53 | X6: 202.53 | Y6: 202.53 | Z6: 202.53 | AA6: 227.18 | AB6: 227.18 | AC6: 227.18 | AD6: 227.18 | AE6: 227.18 | AF6: 227.18 | AG6: 227.18 | AH6: 227.18 | AI6: 227.18 | AJ6: 227.18 | AK6: 227.18 | AL6: 227.18 | AM6: УК
A7: Отопление | B7: Гкал | C7: 2889.93 | D7: 2889.93 | E7: 2889.93 | F7: 2889.93 | G7: 2889.93 | H7: 2889.93 | I7: 3164.47 | J7: 3164.47 | K7: 3164.47 | L7: 3164.47 | M7: 3164.47 | N7: 3164.47 | O7: 3164.47 | P7: 3164.47 | Q7: 3164.47 | R7: 3164.47 | S7: 3164.47 | T7: 3164.47 | U7: 3164.47 | V7: 3164.47 | W7: 3164.47 | X7: 3164.47 | Y7: 3164.47 | Z7: 3164.47 | AA7: 3549.74 | AB7: 3549.74 | AC7: 3549.74 | AD7: 3549.74 | AJ7: 3549.74 | AK7: 3549.74 | AL7: 3549.74 | AM7: УК
A8: Тех.обслуживание | B8: м2 | C8: 9.81 | D8: 10.08 | E8: 10.55 | F8: 10.55 | G8: 10.55 | H8: 10.55 | I8: 10.55 | J8: 10.55 | K8: 10.55 | L8: 10.55 | M8: 10.55 | N8: 10.55 | O8: 11.08 | P8: 11.08 | Q8: 11.08 | R8: 11.08 | S8: 11.08 | T8: 11.08 | U8: 11.08 | V8: 11.08 | W8: 11.08 | X8: 11.08 | Y8: 11.08 | Z8: 11.08 | AA8: 11.08 | AB8: 11.08 | AC8: 11.08 | AD8: 11.08 | AE8: 11.08 | AF8: 11.08 | AG8: 11.08 | AH8: 11.08 | AI8: 11.08 | AJ8: 11.08 | AK8: 11.08 | AL8: 11.08 | AM8: УК
A9: Содержание общего имущества | B9: м2 | C9: 5.44 | D9: 5.44 | E9: 5.7 | F9: 5.7 | G9: 5.7 | H9: 5.7 | I9: 5.7 | J9: 5.7 | K9: 5.7 | L9: 5.7 | M9: 5.7 | N9: 5.7 | O9: 5.98 | P9: 5.98 | Q9: 5.98 | R9: 5.98 | S9: 5.98 | T9: 5.98 | U9: 5.98 | V9: 5.98 | W9: 5.98 | X9: 5.98 | Y9: 5.98 | Z9: 5.98 | AA9: 5.98 | AB9: 5.98 | AC9: 5.98 | AD9: 5.98 | AE9: 5.98 | AF9: 5.98 | AG9: 5.98 | AH9: 5.98 | AI9: 5.98 | AJ9: 5.98 | AK9: 5.98 | AL9: 5.98 | AM9: УК
A10: Вывоз ТКО | B10: чел | C10: =$C$38 -> 132.34105 | D10: =$C$38 -> 132.34105 | E10: =$C$38 -> 132.34105 | F10: =$C$38 -> 132.34105 | G10: =$C$38 -> 132.34105 | H10: =$C$38 -> 132.34105 | I10: =$I$38 -> 144.91471 | J10: =$I$38 -> 144.91471 | K10: =$I$38 -> 144.91471 | L10: =$I$38 -> 144.91471 | M10: =$I$38 -> 144.91471 | N10: =$I$38 -> 144.91471 | O10: =$O$38 -> 171.7831 | P10: =$O$38 -> 171.7831 | Q10: =$O$38 -> 171.7831 | R10: =$O$38 -> 171.7831 | S10: =$O$38 -> 171.7831 | T10: =$O$38 -> 171.7831 | U10: =$U$38 -> 158.823 | V10: =$U$38 -> 158.823 | W10: =$U$38 -> 158.823 | X10: =$U$38 -> 158.823 | Y10: =$U$38 -> 158.823 | Z10: =$U$38 -> 158.823 | AA10: =$AA$38 -> 161.52257 | AB10: =$AA$38 -> 161.52257 | AC10: =$AA$38 -> 161.52257 | AD10: =$AA$38 -> 161.52257 | AE10: =$AA$38 -> 161.52257 | AF10: =$AA$38 -> 161.52257 | AG10: =$AG$38 -> 161.52257 | AH10: =$AG$38 -> 161.52257 | AI10: =$AG$38 -> 161.52257 | AJ10: =$AG$38 -> 161.52257 | AK10: =$AG$38 -> 161.52257 | AL10: =$AG$38 -> 161.52257 | AM10: Предельный тариф на услуги регионального оператора - постановление Региональной службы по тарифам РО. К единому тарифу применен понижающий коэфф. - постановление Правительства РО. Норматив накопления утвержден постановлением Мин-ва ЖКХ РО | AN10: https://www.donland.ru/activity/349/
A11: Капремонт | B11: м2 | C11: 12.61 | D11: 12.61 | E11: 12.61 | F11: 12.61 | G11: 12.61 | H11: 12.61 | I11: 12.61 | J11: 14.08 | K11: 14.08 | L11: 14.08 | M11: 14.08 | N11: 14.08 | O11: 14.08 | P11: 14.08 | Q11: 14.08 | R11: 14.08 | S11: 14.08 | T11: 14.08 | U11: 14.08 | V11: 14.08 | W11: 14.08 | X11: 14.08 | Y11: 14.08 | Z11: 15.15 | AA11: 15.15 | AB11: 15.15 | AC11: 15.15 | AD11: 15.15 | AE11: 15.15 | AF11: 15.15 | AG11: 15.15 | AH11: 15.15 | AI11: 15.15 | AJ11: 15.15 | AK11: 15.15 | AL11: 15.15 | AM11: Правительство Ростовской области | AN11: https://www.donland.ru/news/32277/
A15: Нормативы
A16: Электроэнергия | B16: кВт | C16: =tariffs!$C$29 -> 846 | D16: =tariffs!$C$30 -> 761 | E16: =tariffs!$C$30 -> 761 | F16: =tariffs!$C$30 -> 761 | G16: =tariffs!$C$29 -> 846 | H16: =tariffs!$C$31 -> 931 | I16: =tariffs!$C$31 -> 931 | J16: =tariffs!$C$31 -> 931 | K16: =tariffs!$C$29 -> 846 | L16: =tariffs!$C$29 -> 846 | M16: =tariffs!$C$29 -> 846 | N16: =tariffs!$C$29 -> 846 | O16: =$C$16 -> 846 | P16: =$D$16 -> 761 | Q16: =$E$16 -> 761 | R16: =$F$16 -> 761 | S16: =$G$16 -> 846 | T16: =$H$16 -> 931 | U16: =$I$16 -> 931 | V16: =$J$16 -> 931 | W16: =$K$16 -> 846 | X16: =$L$16 -> 846 | Y16: =$M$16 -> 846 | Z16: =$N$16 -> 846 | AA16: =$C$16 -> 846 | AB16: =$D$16 -> 761 | AC16: =$E$16 -> 761 | AD16: =$F$16 -> 761 | AE16: =$G$16 -> 846 | AF16: =$H$16 -> 931 | AG16: =$I$16 -> 931 | AH16: =$J$16 -> 931 | AI16: =$K$16 -> 846 | AJ16: =$L$16 -> 846 | AK16: =$M$16 -> 846 | AL16: =$N$16 -> 846 | AM16: соц.норма
A17: ГВ снабжение / общедом | B17: м3 | C17: =info!$B$7/info!$B$8*59.052 -> 0.679098 | D17: =info!$B$7/info!$B$8*59.052 -> 0.679098 | E17: =info!$B$7/info!$B$8*59.052 -> 0.679098 | F17: =info!$B$7/info!$B$8*59.052 -> 0.679098 | G17: =info!$B$7/info!$B$8*59.052 -> 0.679098 | H17: =info!$B$7/info!$B$8*59.052 -> 0.679098 | I17: =info!$B$7/info!$B$8*59.052 -> 0.679098 | J17: =info!$B$7/info!$B$8*59.052 -> 0.679098 | ... AL17: =info!$B$7/info!$B$8*59.052 -> 0.679098 | AM17: УК
A18: Нагрев ГВ | B18: м3 | C18: 16.2 | D18: 16.2 | E18: 16.2 | F18: 16.2 | G18: 16.2 | H18: 16.2 | I18: 16.2 | J18: 16.2 | K18: 16.2 | L18: 16.2 | M18: 16.2 | N18: 16.2 | O18: 16.2 | P18: 16.2 | Q18: 16.2 | R18: 16.2 | S18: 16.2 | T18: 16.2 | U18: 16.2 | V18: 16.2 | W18: 16.2 | X18: 16.2 | Y18: 16.2 | Z18: 16.2 | AA18: 16.2 | AB18: 16.2 | AC18: 16.2 | AD18: 16.2 | AE18: 16.2 | AF18: 16.2 | AG18: 16.2 | AH18: 16.2 | AI18: 16.2 | AJ18: 16.2 | AK18: 16.2 | AL18: 16.2 | AM18: УК (соц.норма) - если не по счетчику
A19: Электроснабжение / общедом | B19: кВт | C19: =info!$B$7/info!$B$8*2333 -> 26.8295 | D19: =info!$B$7/info!$B$8*2333 -> 26.8295 | E19: =info!$B$7/info!$B$8*2333 -> 26.8295 | F19: =info!$B$7/info!$B$8*2333 -> 26.8295 | G19: =info!$B$7/info!$B$8*2333 -> 26.8295 | H19: =info!$B$7/info!$B$8*2333 -> 26.8295 | I19: =info!$B$7/info!$B$8*2333 -> 26.8295 | J19: =info!$B$7/info!$B$8*2333 -> 26.8295 | ... AL19: =info!$B$7/info!$B$8*2333 -> 26.8295 | AM19: УК
A20: ХВ снабжение / общедом | B20: м3 | C20: =info!$B$7/info!$B$8*118.104 -> 1.358196 | D20: =info!$B$7/info!$B$8*118.104 -> 1.358196 | E20: =info!$B$7/info!$B$8*118.104 -> 1.358196 | F20: =info!$B$7/info!$B$8*118.104 -> 1.358196 | G20: =info!$B$7/info!$B$8*118.104 -> 1.358196 | H20: =info!$B$7/info!$B$8*118.104 -> 1.358196 | I20: =info!$B$7/info!$B$8*118.104 -> 1.358196 | J20: =info!$B$7/info!$B$8*118.104 -> 1.358196 | ... AL20: =info!$B$7/info!$B$8*118.104 -> 1.358196 | AM20: УК
A21: Водоотведение / общедом | B21: м3 | C21: =info!$B$7/info!$B$8*118.104 -> 1.358196 | D21: =info!$B$7/info!$B$8*118.104 -> 1.358196 | E21: =info!$B$7/info!$B$8*118.104 -> 1.358196 | F21: =info!$B$7/info!$B$8*118.104 -> 1.358196 | G21: =info!$B$7/info!$B$8*118.104 -> 1.358196 | H21: =info!$B$7/info!$B$8*118.104 -> 1.358196 | I21: =info!$B$7/info!$B$8*118.104 -> 1.358196 | J21: =info!$B$7/info!$B$8*118.104 -> 1.358196 | ... AL21: =info!$B$7/info!$B$8*118.104 -> 1.358196 | AM21: УК
A24: Электроэнергия - Расчет соц.нормы на объект | D24: 1чел | E24: 2-й | F24: 3 и далее | G24: не менее
A25: Количество проживающих | B25: чел | C25: =info!$B$6 -> 2
A26: СН на количество проживающих | B26: кВт | C26: =IF(C25=1, D26, IF(C25=2,D26+E26, D26+E26+(C25-2)*F26)) -> 156 | D26: 96 | E26: 60 | F26: 40 | H26: 1чел - 96кВт/ч, 2-й чел - 60 кВт/ч, 3 и далее - по 40 кВт/ч
A27: Электроплита | B27: кВт | C27: =IF(info!B9="да", MAX(D27*C25,G27), 0) -> 90 | D27: 43 | E27: 43 | F27: 43 | G27: 90 | H27: 43 кВтч на человека, но не менее 90 кВтч на одно домохозяйство
A28: ЭВУ | B28: кВт | C28: =IF(info!B10="да", D28*C25, 0) -> 600 | D28: 300 | E28: 300 | F28: 300 | H28: 300 кВтч на человека
A29: Соц.норма на объект | B29: кВт | C29: =SUM(C26:C28) -> 846
A30: Соц.норма с понижающим коэф - фев, мар, апр (0,9) | B30: кВт | C30: =ROUND($C$29*0.9, 0) -> 761
A31: Соц.норма с повышающим коэф - июн, июл, авг (1,1) | B31: кВт | C31: =ROUND($C$29*1.1, 0) -> 931
A34: Вывоз ТКО - Расчет ежемесячной суммы на чел. | C34: 1 п/г 2024 | I34: 2 п/г 2024 | O34: 1 п/г 2025 | U34: 2 п/г 2025 | AA34: 1 п/г 2026 | AG34: 2 п/г 2026
A35: Тариф на вывоз ТКО | B35: руб/м3 | C35: 697.64 | I35: 1246.34 | O35: 905.56 | U35: 905.56 | AA35: 702.35 | AG35: 702.35
A36: Понижающий коэффициент МКД | C36: 0.75128 | I36: 0.460484 | O36: 0.75128 | U36: 0.6946 | AA36: 0.91079 | AG36: 0.91079
A37: Норматив накопления ТКО | B37: м3/год на чел | C37: 3.03 | I37: 3.03 | O37: 3.03 | U37: 3.03 | AA37: 3.03 | AG37: 3.03
A38: Расчетная сумма | B38: руб на чел/мес | C38: =C37*C36*C35/12 -> 132.34105 | I38: =I37*I36*I35/12 -> 144.91471 | O38: =O37*O36*O35/12 -> 171.7831 | U38: =U37*U36*U35/12 -> 158.823 | AA38: =AA37*AA36*AA35/12 -> 161.52257 | AG38: =AG37*AG36*AG35/12 -> 161.52257

Sheet data
A1: услуга | B1: ед_изм | C1: объем_квит | D1: тариф_квит | E1: начислено_квит | F1: объем_откл | G1: тариф_откл | H1: начислено_откл | I1: объем_расчет | J1: тариф_расчет | K1: насчислено_расчет | L1: норматив | M1: период | N1: поставщик | O1: начислено_откл% | P1: положит_откл | Q1: отриц_откл | R1: год | S1: месяц_№ | T1: месяц

Sheet helper
A1: тип_квитанции | B1: услуга | C1: метод_расчета | D1: ед_изм | E1: поставщики | F1: период
A2: Электроэнергия | B2: Электроэнергия | C2: по счетчику | D2: м2 | E2: Поставщик света | F2: 45627
A3: Водоснабжение | B3: ХВС | C3: по нормативу на чел | D3: м3 | E3: Поставщик воды | F3: 45658
A4: Водоснабжение | B4: ХВС - Водоотведение | C4: по нормативу на площадь | D4: кВт | E4: Управляющая | F4: 45689
A5: Водоснабжение | B5: Вода для ГВС | C5: по общедомовому ПУ | D5: Гкал | E5: ТКО | F5: 45717
A6: Водоснабжение | B6: ГВС - Водоотведение | C6: по нормативу УК | D6: чел | E6: Капремонт | F6: 45748
A7: ЖКУ_УК | B7: Нагрев ГВ | F7: 45778
A8: ЖКУ_УК | B8: Отопление | F8: 45809
A9: ЖКУ_УК | B9: Нагрев ГВ / общедом | F9: 45839
A10: ЖКУ_УК | B10: ГВС / общедом | F10: 45870
A11: ЖКУ_УК | B11: ХВС / общедом | F11: 45901
A12: ЖКУ_УК | B12: Водоотведение / общедом | F12: 45931
A13: ЖКУ_УК | B13: Электроэнергия / общедом | F13: 45962
A14: ЖКУ_УК | B14: Тех.обслуживание дома | F14: 45992
A15: ЖКУ_УК | B15: Содержание общего имущества | F15: 46023
A16: Вывоз мусора | B16: Вывоз мусора | F16: 46054
A17: Капремонт | B17: Капремонт | F17: 46082
F18: 46113
F19: 46143
F20: 46174
F21: 46204
F22: 46235
F23: 46266
F24: 46296
F25: 46327
F26: 46357
